<?xml version="1.0" encoding="UTF-8"?>
<all_news>
 <news>
  <id>24</id>
  <headline>fdtgfdyj</headline>
  <body>&lt;p&gt;6y5tuhtr&lt;/p&gt;</body>
  <creationTime>2018-07-23 09:11:35</creationTime>
 </news>
 <news>
  <id>23</id>
  <headline>good</headline>
  <body>&lt;p&gt;good&lt;/p&gt;</body>
  <creationTime>2018-07-23 08:47:34</creationTime>
 </news>
 <news>
  <id>22</id>
  <headline>good</headline>
  <body>&lt;p&gt;good&lt;/p&gt;</body>
  <creationTime>2018-07-23 08:47:34</creationTime>
 </news>
 <news>
  <id>21</id>
  <headline>vghhg</headline>
  <body>&lt;p&gt;fghbngfhn&lt;/p&gt;</body>
  <creationTime>2018-07-16 10:35:00</creationTime>
 </news>
 <news>
  <id>20</id>
  <headline>vghhg</headline>
  <body>&lt;p&gt;fghbngfhn&lt;/p&gt;</body>
  <creationTime>2018-07-16 10:35:00</creationTime>
 </news>
 <news>
  <id>19</id>
  <headline>test data after adding header</headline>
  <body>&lt;p&gt;hi there&lt;br&gt;&lt;/p&gt;</body>
  <creationTime>2018-06-23 00:01:17</creationTime>
 </news>
 <news>
  <id>18</id>
  <headline>Messi is removed</headline>
  <body>&lt;h1 class=&quot;title mb10&quot;&gt;কিছু সমর্থক মেসিকেও বাদ দিয়েছেন একাদশ থেকে!&lt;/h1&gt;&lt;p&gt;&lt;/p&gt;&lt;div class=&quot;row detail_holder&quot;&gt;&lt;div class=&quot;right_part&quot;&gt;&#13;
					&lt;div class=&quot;col_in&quot;&gt;&#13;
						&#13;
												&#13;
												&#13;
						&lt;article itemscope=&quot;&quot; itemtype=&quot;http://schema.org/Article&quot; class=&quot;jw_detail_content_holder content mb16&quot;&gt;&#13;
							&lt;div itemprop=&quot;articleBody&quot; class=&quot;&quot;&gt;&lt;p&gt;&lt;a class=&quot;jw_media_holder media_image jwMediaContent alignfull pop-media-holder pop-active&quot; style=&quot;width: 608px;&quot;&gt;&lt;span class=&quot;jw-ari ari-fix&quot; style=&quot;width: 608px; height: 342px;&quot; id=&quot;image-1291956&quot;&gt;&lt;img style=&quot;display: block;&quot; alt=&quot;আর্জেন্টিনার সমর্থকদের কাছে সবচেয়ে অপ্রিয় হিগুয়েইন, কারও তালিকায় মেসিও আছেন। ছবিঃ এএফপি&quot; src=&quot;http://paimages.prothom-alo.com/contents/cache/images/640x360x1/uploads/media/2018/06/11/4ccf632843da0f406c85cec8938b230a-5b1e634194c3e.jpg&quot;&gt;&lt;/span&gt;&lt;span class=&quot;jw_media_caption&quot;&gt;&lt;span class=&quot;tt&quot;&gt;আর্জেন্টিনার সমর্থকদের কাছে সবচেয়ে অপ্রিয় হিগুয়েইন, কারও তালিকায় মেসিও আছেন। ছবিঃ এএফপি&lt;/span&gt;&lt;/span&gt;&lt;/a&gt;&lt;/p&gt;&#13;
&lt;div class=&quot;palo_web_news_div&quot;&gt;আর্জেন্টিনার জনপ্রিয় দৈনিক ওলে জরিপ &#13;
চালিয়েছে, কাদের নিয়ে গঠন করা যায় তাদের স্বপ্নপূরণের বিশ্বকাপ একাদশ? &#13;
সেখানে মন খুলে ভোট দিয়েছেন আর্জেন্টাইনরা। স্বাভাবিকভাবে সেখানে সবচেয়ে &#13;
বেশি ভোট পেয়ে এগিয়ে আছেন লিওনেল মেসি। একাদশে জায়গা হয়নি গঞ্জালো &#13;
হিগুয়েইনের&lt;/div&gt;&#13;
&lt;p&gt;আর্জেন্টিনা বিশ্বকাপ খেলতে রাশিয়া পৌঁছেছে দুদিন হলো। ব্রানোৎসিতে চলছে&#13;
 তাদের শেষ মুহূর্তের প্রস্তুতি। ১৬ জুন আইসল্যান্ডের বিপক্ষে কোন একাদশ &#13;
দিয়ে বিশ্বকাপ শুরু করবে আর্জেন্টিনা, তা হয়তো সাজিয়ে ফেলেছেন হোর্হে &#13;
সাম্পাওলি। তবে দল নির্বাচনে তাঁকে কিছু সহায়তা করতে পারেন দেশের মানুষেরা।&#13;
 সাম্পাওলি চাইলে দেখে নিতে পারেন, ৩২ বছরের বিশ্বকাপ খরা কাটাতে দেশের &#13;
মানুষ প্রথম একাদশে কাদের দেখতে চান।&lt;/p&gt;&#13;
&lt;p&gt;আর্জেন্টিনার জনপ্রিয় দৈনিক ওলে জরিপ চালিয়ে দেখেছে, কাদের নিয়ে ঘটন করা&#13;
 যায় তাদের স্বপ্নপূরণের বিশ্বকাপ একাদশ? সেখানে মন খুলে ভোট দিয়েছে &#13;
আর্জেন্টাইনরা। স্বাভাবিকভাবে সেখানে সবচেয়ে বেশি ভোট পেয়ে এগিয়ে আছেন &#13;
লিওনেল মেসি। আর সমর্থকেরা মুখ ফিরিয়ে নিয়েছেন গঞ্জালো হিগুয়েইনের দিক &#13;
থেকে। ভোটাভুটিতে একাদশে ঢোকার সুযোগ মেলেনি দলের মূল ফরোয়ার্ডের!&lt;/p&gt;&#13;
&lt;p&gt;সাম্প্রতিক সময়ে আর্জেন্টিনা মেসি নির্ভর দল, কথাটি সবারই জানা। যাকে &#13;
ঘিরেই প্রতিপক্ষদের দুমড়ে মুচড়ে দেওয়ার জন্য সাম্পাওলির সব নকশা আঁকা। অথচ &#13;
আর্জেন্টিনার কিছু মানুষ কিন্তু চান না, মেসি একাদশে খেলুক। অন্তত জরিপের &#13;
ফল কিন্তু তাই বলছে। জরিপে মেসির পক্ষে ভোট পড়েছে ৯৯.৪৬%। অর্থাৎ ০.৫৪ &#13;
শতাংশ মানুষ চান না মেসি একাদশে থাকুক। ভাবা যায়!&lt;/p&gt;&#13;
&lt;p&gt;মজা আছে আরও। সমর্থকেরা একাদশ সাজিয়েছেন মাত্র তিনজন ডিফেন্ডারদের নিয়ে।&#13;
 আবার গোলরক্ষক হিসেবে তারা দলে চাচ্ছেন রিভারপ্লেটের গোলরক্ষক আরমানিকে। &#13;
তিনি ভোট পেয়েছেন ৬৮ শতাংশ। কিন্তু দর্শকেরা যাই বলুক সাম্পাওলির একাদশে &#13;
আর্জেন্টিনার তিন কাঠি সামলানোর দায়িত্বে থাকার কথা চেলসি গোলরক্ষক উইলি &#13;
ক্যাবায়েরোর। যার পক্ষে ভোট পড়েছে মাত্র ৩১ ভাগ। দর্শকদের একাদশে নেই &#13;
মার্কো রোহোও। কিন্তু আইসল্যান্ডের বিপক্ষে এই ফুলব্যাকেরও দলে থাকা প্রায় &#13;
নিশ্চিত।&lt;/p&gt;&#13;
&lt;p&gt;দর্শকদের ভোটের বিচারে আর্জেন্টাইন একাদশঃ&lt;br&gt;আরমানি, মেসি, ওতামেন্ডি, মারকাদো, তাগলিয়াফিকো, মাচেরানো, লো সেলসো, পাভোন, আগুয়েরো, ডি মারিয়া ও মেসা&lt;/p&gt;&lt;p&gt;&lt;br&gt;&lt;/p&gt;&lt;/div&gt;&lt;/article&gt;&lt;/div&gt;&lt;/div&gt;&lt;/div&gt;&lt;p&gt;&lt;/p&gt;</body>
  <creationTime>2018-06-23 00:01:17</creationTime>
 </news>
 <news>
  <id>14</id>
  <headline></headline>
  <body>&lt;div id=&quot;lipsum&quot; class=&quot;formatting&quot;&gt;&#13;
        &lt;p&gt;Lorem ipsum dolor sit amet, consectetur adipisicing elit, sed do eiusmod tempor incididunt ut labore et dolore magna aliqua.&lt;/p&gt;&#13;
&lt;p&gt;Tache lip warmer yosemite sam burt reynolds cunning like a fox &#13;
trimmed? Ron burgundy man of the year 1986 tony stark lando calrissian, &#13;
ron burgundy got milk tony stark man of the year 1986 el snort elit &#13;
goose kris kristofferson. lando calrissian?&lt;/p&gt;&#13;
&lt;p&gt;Daniel plainview ian botham che guevara testosterone trophy driving gloves doctor watson. socially mobile hairy lipsum?&lt;/p&gt;&#13;
&lt;p&gt;Borat cappuccino collector charity donate frightfully nice casual &#13;
style, cappuccino collector gunslinger borat barber shop quartet cream &#13;
bun disaster bogie basket boxing champion casual style frightfully nice &#13;
charity donate karl marx, movember bogie basket boxing champion karl &#13;
marx gunslinger casual style borat robot moustache prince barin east &#13;
european barber shop quartet charity donate dis frightfully nice &#13;
cappuccino collector cream bun disaster?&lt;/p&gt;&#13;
&lt;p&gt;Ron jeremy sweat irrigator, mark lawrenson charlie chaplin john &#13;
cleese fu manchu gent joseph stalin, gent ian rush ron jeremy charlie &#13;
chaplin fu manchu mark lawrenson Freddie mercury godlike cappuccino &#13;
catcher old man in pub sweat irrigator, joseph stalin john cleese super &#13;
mario.&lt;/p&gt;      &lt;/div&gt;</body>
  <creationTime>2018-06-23 00:01:17</creationTime>
 </news>
 <news>
  <id>13</id>
  <headline></headline>
  <body>&lt;p&gt;test test&lt;br&gt;&lt;/p&gt;</body>
  <creationTime>2018-06-23 00:01:17</creationTime>
 </news>
 <news>
  <id>6</id>
  <headline></headline>
  <body>&lt;p class=&quot;paragraph ng-attr-widget&quot;&gt;&lt;span class=&quot;ng-directive ng-binding&quot;&gt;Cupcake&#13;
 ipsum dolor sit. Amet I love caramels jujubes tart jujubes icing &#13;
gummies tootsie roll. Macaroon jelly-o I love chocolate cake cupcake &#13;
sesame snaps.&lt;/span&gt;&lt;/p&gt;&lt;p class=&quot;paragraph ng-attr-widget&quot;&gt;&lt;span class=&quot;ng-directive ng-binding&quot;&gt;Sweet&#13;
 muffin I love cheesecake gummies tart chocolate cake biscuit I love. &#13;
Cookie powder marzipan cupcake carrot cake oat cake. I love muffin &#13;
caramels lollipop jelly-o I love marshmallow I love cake.&lt;/span&gt;&lt;/p&gt;&lt;p class=&quot;paragraph ng-attr-widget&quot;&gt;&lt;span class=&quot;ng-directive ng-binding&quot;&gt;Lemon&#13;
 drops topping tart sweet candy canes. Lollipop cupcake I love. &#13;
Fruitcake I love sesame snaps pie cookie danish halvah tootsie roll. &#13;
Tootsie roll tiramisu soufflé I love chupa chups.&lt;/span&gt;&lt;/p&gt;&lt;p class=&quot;paragraph ng-attr-widget&quot;&gt;&lt;span class=&quot;ng-directive ng-binding&quot;&gt;I&#13;
 love sesame snaps sweet roll. Pastry tootsie roll tiramisu chupa chups &#13;
cupcake marzipan brownie icing gummies. I love apple pie sesame snaps &#13;
biscuit toffee I love candy canes jujubes. Macaroon powder oat cake &#13;
cupcake liquorice danish.&lt;/span&gt;&lt;/p&gt;&lt;p class=&quot;paragraph ng-attr-widget&quot;&gt;&lt;span class=&quot;ng-directive ng-binding&quot;&gt;Sugar&#13;
 plum cake candy candy canes. Carrot cake I love tootsie roll. Cookie &#13;
soufflé marshmallow I love. Icing liquorice pudding chocolate cake oat &#13;
cake wafer I love candy.&lt;/span&gt;&lt;/p&gt;&#13;
  &#13;
  </body>
  <creationTime>2018-06-23 00:01:17</creationTime>
 </news>
 <news>
  <id>4</id>
  <headline>Spicy Jalepeno</headline>
  <body>&lt;div class=&quot;anyipsum-output&quot;&gt;&lt;p&gt;Spicy jalapeno bacon ipsum dolor amet &#13;
meatloaf filet mignon venison pork chop ex occaecat, chicken sunt boudin&#13;
 consectetur officia sausage.  Consectetur turkey flank tempor.  Cupim &#13;
consequat short loin nulla duis, pork t-bone salami.  Aute esse meatloaf&#13;
 bresaola exercitation.&lt;/p&gt;&lt;p&gt;Ball tip nulla prosciutto tongue pork ut. &#13;
 Incididunt kielbasa nostrud dolore picanha drumstick reprehenderit &#13;
alcatra pastrami ut.  Pastrami deserunt sint, est incididunt laboris &#13;
pancetta kevin voluptate pork belly.  Jowl in kielbasa ut veniam irure. &#13;
 Sunt tenderloin proident tongue beef biltong.&lt;/p&gt;&lt;p&gt;Burgdoggen nisi &#13;
tenderloin occaecat, beef chicken salami ex ea tempor jerky.  Shoulder &#13;
sunt short ribs, pork chop dolore rump capicola esse salami sausage duis&#13;
 eiusmod occaecat id.  Pork consequat adipisicing eu aute pork chop cow &#13;
sint jerky chuck pariatur enim in.  Pariatur velit beef ribs deserunt &#13;
strip steak magna short ribs chicken sirloin corned beef chuck picanha. &#13;
 Duis sunt spare ribs nostrud bacon ground round sirloin eu cow.  &#13;
Cupidatat ea beef ribs reprehenderit pork loin.  Nisi voluptate velit &#13;
short loin sunt proident culpa pancetta cow.&lt;/p&gt;&lt;p&gt;Consequat labore &#13;
pancetta venison.  Cupidatat elit sunt meatball sed fatback dolore &#13;
tongue cow.  Laborum short loin bresaola labore ham hock id salami &#13;
pariatur.  Ribeye in irure elit corned beef pork chop drumstick &#13;
burgdoggen ball tip tongue jowl pork culpa consectetur.  Est fatback &#13;
ullamco, duis leberkas short ribs cupidatat pork deserunt drumstick ex &#13;
shank fugiat.  Cow beef ribs cillum shankle meatball nostrud bacon.  &#13;
Nisi cow magna in meatball brisket lorem, consequat pork loin &#13;
frankfurter shankle ham hock.&lt;/p&gt;&lt;p&gt;Dolor dolore tenderloin, in sunt in &#13;
corned beef non jerky tail alcatra elit capicola do.  Short ribs non &#13;
corned beef sint pig eiusmod kevin dolore beef duis dolor pastrami &#13;
nulla.  Eu shoulder jowl cupim officia, corned beef chuck sint dolor &#13;
capicola doner minim hamburger.  Officia ullamco labore jerky sint &#13;
reprehenderit, tail ut dolore.  Aliquip ut ham nostrud ea pork belly, &#13;
magna cupidatat et jerky kielbasa.  Chicken fatback laboris occaecat &#13;
flank, sausage officia.&lt;/p&gt;&lt;/div&gt;				Does your lorem ipsum text long for something a little meatier? Give our generator a try… it’s tasty!</body>
  <creationTime>2018-06-23 00:01:17</creationTime>
 </news>
 <news>
  <id>3</id>
  <headline>Another test heading</headline>
  <body>&lt;ol&gt;&lt;li&gt;&lt;b&gt;another dta&lt;/b&gt;&lt;/li&gt;&lt;li&gt;&lt;b&gt;another another dta&lt;/b&gt;&lt;/li&gt;&lt;li&gt;&lt;b&gt;another another another dta&lt;br&gt;&lt;/b&gt;&lt;/li&gt;&lt;/ol&gt;</body>
  <creationTime>2018-06-23 00:01:17</creationTime>
 </news>
 <news>
  <id>2</id>
  <headline>Test Heading</headline>
  <body>&lt;p&gt;test test&lt;br&gt;&lt;/p&gt;</body>
  <creationTime>2018-06-23 00:01:17</creationTime>
 </news>
</all_news>
